constructor,4610,,,
getDerivedStateFromProps,TLE,,,
render,18205,,,
componentDidMount,2712,,,
shouldComponentUpdate,130,,,
getSnapshotBeforeUpdate,TLE,,,
componentDidUpdate,246,,,
componentWillUnmount,387,,,
componentDidCatch,TLE,,,
setState,5212,,,
forceUpdate,134,,,
defaultProps,TLE,,,
displayName,174,,,
props,9961,,,
state,11415,,,
PureComponent,147,,,
createElement,832,,,
createFactory,44,,,
cloneElement,122,,,
isValidElement,TLE,,,
Children,TLE,,,
Fragment,172,,,
createRef,TLE,,,
forwardRef,TLE,,,
hydrate,TLE,,,
unmountComponentAtNode,35,,,
findDOMNode,TLE,,,
createPortal,TLE,,,
renderToString,343,,,
renderToStaticMarkup,42,,,
renderToNodeStream,TLE,,,
renderToStaticNodeStream,TLE,,,
,,,,
react+create,10625,,,
react+toJSON,82,,,
react+toTree,TLE,,,
react+update,4641,,,
react+unmount,257,,,
react+getInstance ,20,,,
react+root ,3494,,,
shallowRenderer+render ,,,shallowRenderer,3
shallowRenderer+getRenderOutput,,,getRenderOutput,10
